{"cameraMode":{"drawMode":0,"name":"Shaded","section":"Shading Mode"},"sceneLighting":true,"audioPlay":false,"sceneViewState":{"m_AlwaysRefresh":false,"showFog":true,"showSkybox":true,"showFlares":true,"showImageEffects":true,"showParticleSystems":true,"showVisualEffectGraphs":true,"m_FxEnabled":true},"in2DMode":false,"pivot":{"x":3.9358434677124025,"y":18.694795608520509,"z":-33.718544006347659},"rotation":{"x":-0.12150084972381592,"y":-0.011318419128656388,"z":0.001385233597829938,"w":-0.9925263524055481},"size":0.9200507998466492,"orthographic":false}